budget_id,cost_centre,category,amount,period_start,period_end
BUD-001,CC-TECH,Food,8000,2026-07-01,2026-07-31
BUD-002,CC-TECH,Food,8000,2026-08-01,2026-08-31
BUD-003,CC-TECH,Food,10000,2026-09-01,2026-09-30
BUD-004,CC-TECH,Travel,8000,2026-07-01,2026-07-31
BUD-005,CC-TECH,Travel,8000,2026-08-01,2026-08-31
BUD-006,CC-TECH,Travel,6000,2026-09-01,2026-09-30
BUD-007,CC-TECH,Software,15000,2026-07-01,2026-07-31
BUD-008,CC-TECH,Software,6000,2026-08-01,2026-08-31
BUD-009,CC-TECH,Software,5000,2026-09-01,2026-09-30
BUD-010,CC-TECH,Office Supplies,6000,2026-07-01,2026-07-31
BUD-011,CC-TECH,Office Supplies,6000,2026-08-01,2026-08-31
BUD-012,CC-TECH,Office Supplies,5000,2026-09-01,2026-09-30
BUD-013,CC-TECH,Utilities,8000,2026-07-01,2026-07-31
BUD-014,CC-TECH,Utilities,6000,2026-08-01,2026-08-31
BUD-015,CC-TECH,Utilities,10000,2026-09-01,2026-09-30
BUD-016,CC-TECH,Marketing,4000,2026-07-01,2026-07-31
BUD-017,CC-TECH,Marketing,12000,2026-08-01,2026-08-31
BUD-018,CC-TECH,Marketing,8000,2026-09-01,2026-09-30
BUD-019,CC-TECH,Training,6000,2026-07-01,2026-07-31
BUD-020,CC-TECH,Training,20000,2026-08-01,2026-08-31
BUD-021,CC-TECH,Training,20000,2026-09-01,2026-09-30
BUD-022,CC-TECH,Miscellaneous,6000,2026-07-01,2026-07-31
BUD-023,CC-TECH,Miscellaneous,4000,2026-08-01,2026-08-31
BUD-024,CC-TECH,Miscellaneous,15000,2026-09-01,2026-09-30
BUD-025,CC-MARKETING,Food,3000,2026-07-01,2026-07-31
BUD-026,CC-MARKETING,Food,4000,2026-08-01,2026-08-31
BUD-027,CC-MARKETING,Food,3000,2026-09-01,2026-09-30
BUD-028,CC-MARKETING,Travel,15000,2026-07-01,2026-07-31
BUD-029,CC-MARKETING,Travel,6000,2026-08-01,2026-08-31
BUD-030,CC-MARKETING,Travel,15000,2026-09-01,2026-09-30
BUD-031,CC-MARKETING,Software,10000,2026-07-01,2026-07-31
BUD-032,CC-MARKETING,Software,3000,2026-08-01,2026-08-31
BUD-033,CC-MARKETING,Software,8000,2026-09-01,2026-09-30
BUD-034,CC-MARKETING,Office Supplies,6000,2026-07-01,2026-07-31
BUD-035,CC-MARKETING,Office Supplies,4000,2026-08-01,2026-08-31
BUD-036,CC-MARKETING,Office Supplies,3000,2026-09-01,2026-09-30
BUD-037,CC-MARKETING,Utilities,6000,2026-07-01,2026-07-31
BUD-038,CC-MARKETING,Utilities,6000,2026-08-01,2026-08-31
BUD-039,CC-MARKETING,Utilities,4000,2026-09-01,2026-09-30
BUD-040,CC-MARKETING,Marketing,10000,2026-07-01,2026-07-31
BUD-041,CC-MARKETING,Marketing,20000,2026-08-01,2026-08-31
BUD-042,CC-MARKETING,Marketing,5000,2026-09-01,2026-09-30
BUD-043,CC-MARKETING,Training,15000,2026-07-01,2026-07-31
BUD-044,CC-MARKETING,Training,8000,2026-08-01,2026-08-31
BUD-045,CC-MARKETING,Training,3000,2026-09-01,2026-09-30
BUD-046,CC-MARKETING,Miscellaneous,4000,2026-07-01,2026-07-31
BUD-047,CC-MARKETING,Miscellaneous,10000,2026-08-01,2026-08-31
BUD-048,CC-MARKETING,Miscellaneous,6000,2026-09-01,2026-09-30
BUD-049,CC-SALES,Food,3000,2026-07-01,2026-07-31
BUD-050,CC-SALES,Food,10000,2026-08-01,2026-08-31
BUD-051,CC-SALES,Food,10000,2026-09-01,2026-09-30
BUD-052,CC-SALES,Travel,5000,2026-07-01,2026-07-31
BUD-053,CC-SALES,Travel,3000,2026-08-01,2026-08-31
BUD-054,CC-SALES,Travel,6000,2026-09-01,2026-09-30
BUD-055,CC-SALES,Software,8000,2026-07-01,2026-07-31
BUD-056,CC-SALES,Software,3000,2026-08-01,2026-08-31
BUD-057,CC-SALES,Software,6000,2026-09-01,2026-09-30
BUD-058,CC-SALES,Office Supplies,3000,2026-07-01,2026-07-31
BUD-059,CC-SALES,Office Supplies,10000,2026-08-01,2026-08-31
BUD-060,CC-SALES,Office Supplies,12000,2026-09-01,2026-09-30
BUD-061,CC-SALES,Utilities,10000,2026-07-01,2026-07-31
BUD-062,CC-SALES,Utilities,5000,2026-08-01,2026-08-31
BUD-063,CC-SALES,Utilities,8000,2026-09-01,2026-09-30
BUD-064,CC-SALES,Marketing,4000,2026-07-01,2026-07-31
BUD-065,CC-SALES,Marketing,6000,2026-08-01,2026-08-31
BUD-066,CC-SALES,Marketing,3000,2026-09-01,2026-09-30
BUD-067,CC-SALES,Training,15000,2026-07-01,2026-07-31
BUD-068,CC-SALES,Training,20000,2026-08-01,2026-08-31
BUD-069,CC-SALES,Training,15000,2026-09-01,2026-09-30
BUD-070,CC-SALES,Miscellaneous,4000,2026-07-01,2026-07-31
BUD-071,CC-SALES,Miscellaneous,12000,2026-08-01,2026-08-31
BUD-072,CC-SALES,Miscellaneous,4000,2026-09-01,2026-09-30
BUD-073,CC-HR,Food,12000,2026-07-01,2026-07-31
BUD-074,CC-HR,Food,20000,2026-08-01,2026-08-31
BUD-075,CC-HR,Food,5000,2026-09-01,2026-09-30
BUD-076,CC-HR,Travel,20000,2026-07-01,2026-07-31
BUD-077,CC-HR,Travel,4000,2026-08-01,2026-08-31
BUD-078,CC-HR,Travel,5000,2026-09-01,2026-09-30
BUD-079,CC-HR,Software,12000,2026-07-01,2026-07-31
BUD-080,CC-HR,Software,8000,2026-08-01,2026-08-31
BUD-081,CC-HR,Software,12000,2026-09-01,2026-09-30
BUD-082,CC-HR,Office Supplies,8000,2026-07-01,2026-07-31
BUD-083,CC-HR,Office Supplies,8000,2026-08-01,2026-08-31
BUD-084,CC-HR,Office Supplies,12000,2026-09-01,2026-09-30
BUD-085,CC-HR,Utilities,3000,2026-07-01,2026-07-31
BUD-086,CC-HR,Utilities,8000,2026-08-01,2026-08-31
BUD-087,CC-HR,Utilities,10000,2026-09-01,2026-09-30
BUD-088,CC-HR,Marketing,12000,2026-07-01,2026-07-31
BUD-089,CC-HR,Marketing,12000,2026-08-01,2026-08-31
BUD-090,CC-HR,Marketing,3000,2026-09-01,2026-09-30
BUD-091,CC-HR,Training,10000,2026-07-01,2026-07-31
BUD-092,CC-HR,Training,6000,2026-08-01,2026-08-31
BUD-093,CC-HR,Training,12000,2026-09-01,2026-09-30
BUD-094,CC-HR,Miscellaneous,12000,2026-07-01,2026-07-31
BUD-095,CC-HR,Miscellaneous,6000,2026-08-01,2026-08-31
BUD-096,CC-HR,Miscellaneous,3000,2026-09-01,2026-09-30
BUD-097,CC-FINANCE,Food,12000,2026-07-01,2026-07-31
BUD-098,CC-FINANCE,Food,5000,2026-08-01,2026-08-31
BUD-099,CC-FINANCE,Food,12000,2026-09-01,2026-09-30
BUD-100,CC-FINANCE,Travel,4000,2026-07-01,2026-07-31
BUD-101,CC-FINANCE,Travel,4000,2026-08-01,2026-08-31
BUD-102,CC-FINANCE,Travel,12000,2026-09-01,2026-09-30
BUD-103,CC-FINANCE,Software,10000,2026-07-01,2026-07-31
BUD-104,CC-FINANCE,Software,15000,2026-08-01,2026-08-31
BUD-105,CC-FINANCE,Software,5000,2026-09-01,2026-09-30
BUD-106,CC-FINANCE,Office Supplies,5000,2026-07-01,2026-07-31
BUD-107,CC-FINANCE,Office Supplies,3000,2026-08-01,2026-08-31
BUD-108,CC-FINANCE,Office Supplies,3000,2026-09-01,2026-09-30
BUD-109,CC-FINANCE,Utilities,20000,2026-07-01,2026-07-31
BUD-110,CC-FINANCE,Utilities,5000,2026-08-01,2026-08-31
BUD-111,CC-FINANCE,Utilities,12000,2026-09-01,2026-09-30
BUD-112,CC-FINANCE,Marketing,4000,2026-07-01,2026-07-31
BUD-113,CC-FINANCE,Marketing,10000,2026-08-01,2026-08-31
BUD-114,CC-FINANCE,Marketing,20000,2026-09-01,2026-09-30
BUD-115,CC-FINANCE,Training,5000,2026-07-01,2026-07-31
BUD-116,CC-FINANCE,Training,5000,2026-08-01,2026-08-31
BUD-117,CC-FINANCE,Training,10000,2026-09-01,2026-09-30
BUD-118,CC-FINANCE,Miscellaneous,8000,2026-07-01,2026-07-31
BUD-119,CC-FINANCE,Miscellaneous,5000,2026-08-01,2026-08-31
BUD-120,CC-FINANCE,Miscellaneous,20000,2026-09-01,2026-09-30
